id,fenlei,img,include,price,
1,童装,img/cebian-img/1 (1).jpg,davebella戴维贝拉儿童秋装摇粒绒拉链薄外套,79,179
2,童装,img/cebian-img/1 (2).jpg,巴拉巴拉童装女童针织衫儿童毛衫冬装小童宝宝纯色毛衣女,69,119
3,童装,img/cebian-img/1 (3).jpg,巴拉巴拉童装女童毛衣中大童毛衫儿童秋装纯棉针织套头,108,159
4,童装,img/cebian-img/1 (4).jpg,巴拉巴拉男童长袖T恤卫衣中大童秋装条纹印花圆领套头衫,139,159
5,童装,img/cebian-img/1 (5).jpg,【专享券99-30】巴拉巴拉童装男童小童宝宝卫衣儿童春秋连帽套头衫韩版潮,139,160
6,童装,img/cebian-img/1 (6).jpg,巴拉巴拉童装春秋小童宝宝甜美弹力裤女童长裤儿童打底裤,139,161
7,童鞋,img/cebian-img/2 (1).jpg,巴布豆童鞋秋冬二棉2018新款休闲时尚宝宝鞋轻便舒适可爱儿童学步鞋潮,79,179
8,童鞋,img/cebian-img/2 (2).jpg,巴布豆童鞋秋冬二棉2018新款休闲时尚宝宝鞋轻便舒适可爱儿童学步鞋潮,69,119
9,童鞋,img/cebian-img/2 (3).jpg,巴布豆童鞋秋冬二棉2018新款休闲时尚宝宝鞋轻便舒适可爱儿童学步鞋潮,108,159
10,童鞋,img/cebian-img/2 (4).jpg,巴布豆童鞋秋冬二棉2018新款休闲时尚宝宝鞋轻便舒适可爱儿童学步鞋潮,139,159
11,童鞋,img/cebian-img/2 (5).jpg,巴布豆童鞋秋冬二棉2018新款休闲时尚宝宝鞋轻便舒适可爱儿童学步鞋潮,139,160
12,童鞋,img/cebian-img/2 (6).jpg,巴布豆童鞋秋冬二棉2018新款休闲时尚宝宝鞋轻便舒适可爱儿童学步鞋潮,139,161
13,玩具,img/cebian-img/3.jpg,贝恩施 大号托马斯小火车套装轨道车 儿童火车轨道玩具多层电动男孩3-6岁,79,179
14,用品,img/cebian-img/4 (1).jpg,【好评过万】贝亲奶瓶婴儿奶瓶宝宝新生儿标准口径玻璃奶瓶防摔奶瓶120至240ml,69,119
15,用品,img/cebian-img/4 (2).jpg,【好评过万】贝亲奶瓶婴儿奶瓶宝宝新生儿标准口径玻璃奶瓶防摔奶瓶120至240ml,108,159
16,用品,img/cebian-img/4 (3).jpg,【好评过万】贝亲奶瓶婴儿奶瓶宝宝新生儿标准口径玻璃奶瓶防摔奶瓶120至240ml,139,159
17,用品,img/cebian-img/4 (4).jpg,【好评过万】贝亲奶瓶婴儿奶瓶宝宝新生儿标准口径玻璃奶瓶防摔奶瓶120至240ml,139,160
18,用品,img/cebian-img/4 (5).jpg,【好评过万】贝亲奶瓶婴儿奶瓶宝宝新生儿标准口径玻璃奶瓶防摔奶瓶120至240ml,139,161
19,用品,img/cebian-img/4 (6).jpg,【好评过万】贝亲奶瓶婴儿奶瓶宝宝新生儿标准口径玻璃奶瓶防摔奶瓶120至240ml,79,179
