sid,sname,sprice,syuanjia,simg,sincluede,zkou
1,伊利畅意,33.90 ,66.00 ,img/index-img/1 (1).jpg,【9月新货 超值30瓶】伊利畅意100%乳酸菌原味100ml*30瓶,5.1 
2,贝壳元素,25.90 ,69.00 ,img/index-img/1 (2).jpg,贝壳元素男童长袖T恤打底衫,3.8 
3,阿道夫,88.00 ,158.00 ,img/index-img/1 (3).jpg,阿道夫 去屑控油洗发水420gx2瓶,5.6 
4,百雀羚,149.00 ,353.00 ,img/index-img/1 (4).jpg,【领券减20元】百雀羚护补水保湿少女护肤品套装,4.2 
5,平和琯溪蜜柚,19.90 ,45.00 ,img/index-img/1 (5).jpg,福建平和琯溪蜜柚2个装,4.4 
6,植护,29.90 ,80.00 ,img/index-img/1 (6).jpg,植护婴儿原木三色抽纸30包整箱装,3.7 
7,内衣,29.90 ,99.90 ,img/index-img/1 (7).jpg,【2套4件】秋季新款儿童春秋内衣套装,3.0 
8,无芯卷纸,29.90 ,59.00 ,img/index-img/1 (8).jpg,50卷柔之选本色无芯卷纸,5.1 
9,打底裤,29.90 ,19.90 ,img/index-img/1 (9).jpg,米度丽托腹外穿蕾丝春秋打底裤,15.0 
10,童森童马,139.00 ,299.00 ,img/index-img/1 (10).jpg,加绒加厚 童森童马保暖三件套,4.7 
11,百雀羚,129.00 ,228.00 ,img/index-img/1 (11).jpg,百雀羚水嫩倍现臻美套装,5.7 
12,料理机,349.00 ,1999.00 ,img/index-img/1 (12).jpg,半球加热破壁机家用多功能料理机,1.8 
13,爵士鼓,9.90 ,12.90 ,img/index-img/1 (13).jpg,儿童爵士鼓架吉他五鼓吉他玩具,7.7 
14,电子体温计,49.00 ,49.00 ,img/index-img/1 (14).jpg,4万妈妈亲身推荐 宝宝红外体温计 医用同款 高精度电子体温计,10.0 
15,发绳,5.00 ,36.00 ,img/index-img/1 (15).jpg,韩国小清新扎头发橡皮筋发圈发绳,1.4 
16,音乐玩具,6.00 ,7.00 ,img/index-img/1 (16).jpg,婴儿手敲琴儿童宝宝敲打音乐玩具,8.6 
17,休闲鞋,7.00 ,9.00 ,img/index-img/1 (17).jpg,儿童运动鞋软底透气休闲鞋,7.8 
18,休闲裤,8.00 ,11.00 ,img/index-img/1 (18).jpg,冬季儿童加厚棉裤韩版保暖休闲裤,7.3 
19,春秋被,9.00 ,13.00 ,img/index-img/1 (19).jpg,【前500名送小毛毯】俞兆林加厚保暖羽丝绒冬被春秋被,6.9 
20,床单,10.00 ,15.00 ,img/index-img/1 (20).jpg,【四件套+抱枕套一对】俞兆林超值加厚磨毛床单六件套,6.7 
21,珀莱雅,11.00 ,17.00 ,img/index-img/1 (21).jpg,珀莱雅舒缓保湿喷雾80ml*3支,6.5 
22,猕猴桃,12.00 ,19.00 ,img/index-img/1 (22).jpg,黄心猕猴桃大果5斤装 单果80g以上,6.3 
23,秋装套装,13.00 ,21.00 ,img/index-img/1 (23).jpg,2018秋季新款男童秋装套装,6.2 
24,蜂蜜柚子茶,14.00 ,23.00 ,img/index-img/1 (24).jpg,【2罐装】买送勺蜂蜜柚子茶柠檬茶组合1kg,6.1 
25,打底衫,15.00 ,25.00 ,img/index-img/1 (25).jpg,秋冬纯棉男女童长袖T儿童打底衫,6.0 
26,力士,16.00 ,27.00 ,img/index-img/1 (26).jpg,力士沐浴露幽莲魅肤1350ml,5.9 
27,青蛙王子,17.00 ,29.00 ,img/index-img/1 (27).jpg,【第2件0元】青蛙王子经典款儿童面霜60g,5.9 
28,手抓饼,18.00 ,31.00 ,img/index-img/1 (28).jpg,正宗台湾手抓饼面饼30片约1.8kg 5分钟健康营养早餐,5.8 
29,清洁袋,19.00 ,33.00 ,img/index-img/1 (29).jpg,100只装 手提式垃圾袋厨房清洁袋,5.8 
30,阿道夫,20.00 ,35.00 ,img/index-img/1 (30).jpg,阿道夫洗发水两支大瓶装组合,5.7 
31,阿道夫,21.00 ,37.00 ,img/index-img/1 (31).jpg,阿道夫洗发水两支大瓶装组合,5.7 
32,阿道夫,22.00 ,39.00 ,img/index-img/1 (32).jpg,阿道夫洗发水两支大瓶装组合,5.6 
33,阿道夫,23.00 ,41.00 ,img/index-img/1 (33).jpg,阿道夫洗发水两支大瓶装组合,5.6 
34,阿道夫,24.00 ,43.00 ,img/index-img/1 (34).jpg,阿道夫洗发水两支大瓶装组合,5.6 
35,阿道夫,25.00 ,45.00 ,img/index-img/1 (35).jpg,阿道夫洗发水两支大瓶装组合,5.6 
36,阿道夫,26.00 ,47.00 ,img/index-img/1 (36).jpg,阿道夫洗发水两支大瓶装组合,5.5 
37,阿道夫,27.00 ,49.00 ,img/index-img/1 (37).jpg,阿道夫洗发水两支大瓶装组合,5.5 
38,阿道夫,28.00 ,51.00 ,img/index-img/1 (38).jpg,阿道夫洗发水两支大瓶装组合,5.5 
39,阿道夫,29.00 ,53.00 ,img/index-img/1 (39).jpg,阿道夫洗发水两支大瓶装组合,5.5 
40,阿道夫,30.00 ,55.00 ,img/index-img/1 (40).jpg,阿道夫洗发水两支大瓶装组合,5.5 
41,阿道夫,31.00 ,57.00 ,img/index-img/1 (41).jpg,阿道夫洗发水两支大瓶装组合,5.4 
42,阿道夫,32.00 ,59.00 ,img/index-img/1 (42).jpg,阿道夫洗发水两支大瓶装组合,5.4 
43,阿道夫,33.00 ,61.00 ,img/index-img/1 (43).jpg,阿道夫洗发水两支大瓶装组合,5.4 
44,阿道夫,34.00 ,63.00 ,img/index-img/1 (44).jpg,阿道夫洗发水两支大瓶装组合,5.4 
45,阿道夫,35.00 ,65.00 ,img/index-img/1 (45).jpg,阿道夫洗发水两支大瓶装组合,5.4 
46,阿道夫,36.00 ,67.00 ,img/index-img/1 (46).jpg,阿道夫洗发水两支大瓶装组合,5.4 
47,阿道夫,37.00 ,69.00 ,img/index-img/1 (47).jpg,阿道夫洗发水两支大瓶装组合,5.4 
48,阿道夫,38.00 ,71.00 ,img/index-img/1 (48).jpg,阿道夫洗发水两支大瓶装组合,5.4 
49,阿道夫,39.00 ,73.00 ,img/index-img/1 (49).jpg,阿道夫洗发水两支大瓶装组合,5.3 
50,阿道夫,40.00 ,75.00 ,img/index-img/1 (50).jpg,阿道夫洗发水两支大瓶装组合,5.3 
51,阿道夫,41.00 ,77.00 ,img/index-img/1 (51).jpg,阿道夫洗发水两支大瓶装组合,5.3 
52,阿道夫,42.00 ,79.00 ,img/index-img/1 (52).jpg,阿道夫洗发水两支大瓶装组合,5.3 
53,阿道夫,43.00 ,81.00 ,img/index-img/1 (53).jpg,阿道夫洗发水两支大瓶装组合,5.3 
54,阿道夫,44.00 ,83.00 ,img/index-img/1 (54).jpg,阿道夫洗发水两支大瓶装组合,5.3 
55,阿道夫,45.00 ,85.00 ,img/index-img/1 (55).jpg,阿道夫洗发水两支大瓶装组合,5.3 
56,阿道夫,46.00 ,87.00 ,img/index-img/1 (56).jpg,阿道夫洗发水两支大瓶装组合,5.3 
57,阿道夫,47.00 ,89.00 ,img/index-img/1 (57).jpg,阿道夫洗发水两支大瓶装组合,5.3 
58,阿道夫,48.00 ,91.00 ,img/index-img/1 (58).jpg,阿道夫洗发水两支大瓶装组合,5.3 
59,阿道夫,49.00 ,93.00 ,img/index-img/1 (59).jpg,阿道夫洗发水两支大瓶装组合,5.3 
60,阿道夫,50.00 ,95.00 ,img/index-img/1 (60).jpg,阿道夫洗发水两支大瓶装组合,5.3 
61,阿道夫,51.00 ,97.00 ,img/index-img/1 (61).jpg,阿道夫洗发水两支大瓶装组合,5.3 
62,阿道夫,52.00 ,99.00 ,img/index-img/1 (62).jpg,阿道夫洗发水两支大瓶装组合,5.3 
63,阿道夫,53.00 ,101.00 ,img/index-img/1 (63).jpg,阿道夫洗发水两支大瓶装组合,5.3 
64,阿道夫,54.00 ,103.00 ,img/index-img/1 (64).jpg,阿道夫洗发水两支大瓶装组合,5.2 
65,阿道夫,55.00 ,105.00 ,img/index-img/1 (65).jpg,阿道夫洗发水两支大瓶装组合,5.2 
66,阿道夫,56.00 ,107.00 ,img/index-img/1 (66).jpg,阿道夫洗发水两支大瓶装组合,5.2 
67,阿道夫,57.00 ,109.00 ,img/index-img/1 (67).jpg,阿道夫洗发水两支大瓶装组合,5.2 
68,阿道夫,58.00 ,111.00 ,img/index-img/1 (68).jpg,阿道夫洗发水两支大瓶装组合,5.2 
69,阿道夫,59.00 ,113.00 ,img/index-img/1 (69).jpg,阿道夫洗发水两支大瓶装组合,5.2 
70,阿道夫,60.00 ,115.00 ,img/index-img/1 (70).jpg,阿道夫洗发水两支大瓶装组合,5.2 
71,阿道夫,61.00 ,117.00 ,img/index-img/1 (71).jpg,阿道夫洗发水两支大瓶装组合,5.2 
72,阿道夫,62.00 ,119.00 ,img/index-img/1 (72).jpg,阿道夫洗发水两支大瓶装组合,5.2 
73,阿道夫,63.00 ,121.00 ,img/index-img/1 (73).jpg,阿道夫洗发水两支大瓶装组合,5.2 
74,阿道夫,64.00 ,123.00 ,img/index-img/1 (74).jpg,阿道夫洗发水两支大瓶装组合,5.2 
75,阿道夫,65.00 ,125.00 ,img/index-img/1 (75).jpg,阿道夫洗发水两支大瓶装组合,5.2 
76,阿道夫,66.00 ,127.00 ,img/index-img/1 (76).jpg,阿道夫洗发水两支大瓶装组合,5.2 
77,阿道夫,67.00 ,129.00 ,img/index-img/1 (77).jpg,阿道夫洗发水两支大瓶装组合,5.2 
78,阿道夫,68.00 ,131.00 ,img/index-img/1 (78).jpg,阿道夫洗发水两支大瓶装组合,5.2 
79,阿道夫,69.00 ,133.00 ,img/index-img/1 (79).jpg,阿道夫洗发水两支大瓶装组合,5.2 
80,阿道夫,70.00 ,135.00 ,img/index-img/1 (80).jpg,阿道夫洗发水两支大瓶装组合,5.2 
81,阿道夫,71.00 ,137.00 ,img/index-img/1 (81).jpg,阿道夫洗发水两支大瓶装组合,5.2 
82,阿道夫,72.00 ,139.00 ,img/index-img/1 (82).jpg,阿道夫洗发水两支大瓶装组合,5.2 
83,阿道夫,73.00 ,141.00 ,img/index-img/1 (83).jpg,阿道夫洗发水两支大瓶装组合,5.2 
84,阿道夫,74.00 ,143.00 ,img/index-img/1 (84).jpg,阿道夫洗发水两支大瓶装组合,5.2 
85,阿道夫,75.00 ,145.00 ,img/index-img/1 (85).jpg,阿道夫洗发水两支大瓶装组合,5.2 
86,阿道夫,76.00 ,147.00 ,img/index-img/1 (86).jpg,阿道夫洗发水两支大瓶装组合,5.2 
87,阿道夫,77.00 ,149.00 ,img/index-img/1 (87).jpg,阿道夫洗发水两支大瓶装组合,5.2 
88,阿道夫,78.00 ,151.00 ,img/index-img/1 (88).jpg,阿道夫洗发水两支大瓶装组合,5.2 
89,阿道夫,79.00 ,153.00 ,img/index-img/1 (89).jpg,阿道夫洗发水两支大瓶装组合,5.2 
90,阿道夫,80.00 ,155.00 ,img/index-img/1 (90).jpg,阿道夫洗发水两支大瓶装组合,5.2 
