id,fenlei,img,name
1,热销分类,img/fenlei-img/1 (1).jpg,纸尿裤
2,热销分类,img/fenlei-img/1 (2).jpg,奶瓶
3,热销分类,img/fenlei-img/1 (3).jpg,益智早教
4,热销分类,img/fenlei-img/1 (4).jpg,童鞋
5,热销分类,img/fenlei-img/1 (5).jpg,奶粉
6,热销分类,img/fenlei-img/1 (6).jpg,童装
7,热销分类,img/fenlei-img/1 (7).jpg,玩具
8,热销分类,img/fenlei-img/1 (8).jpg,包包
9,热销分类,img/fenlei-img/1 (9).jpg,床品
10,热销分类,img/fenlei-img/1 (10).jpg,孕妇装
11,热销分类,img/fenlei-img/1 (11).jpg,护肤品
12,儿童服饰,img/fenlei-img/2 (1).jpg,童装
13,儿童服饰,img/fenlei-img/2 (2).jpg,童装
14,儿童服饰,img/fenlei-img/2 (3).jpg,童装
15,儿童服饰,img/fenlei-img/2 (4).jpg,童装
16,儿童服饰,img/fenlei-img/2 (5).jpg,童装
17,儿童服饰,img/fenlei-img/2 (6).jpg,童装
18,儿童服饰,img/fenlei-img/2 (7).jpg,童装
19,儿童服饰,img/fenlei-img/2 (8).jpg,童装
20,儿童服饰,img/fenlei-img/2 (9).jpg,童装
21,儿童服饰,img/fenlei-img/2 (10).jpg,童装
22,儿童服饰,img/fenlei-img/2 (11).jpg,童装
23,儿童服饰,img/fenlei-img/2 (12).jpg,童装
24,儿童服饰,img/fenlei-img/2 (13).jpg,童装
25,儿童服饰,img/fenlei-img/2 (14).jpg,童装
26,儿童服饰,img/fenlei-img/2 (15).jpg,童装
27,儿童服饰,img/fenlei-img/2 (16).jpg,童装
28,婴儿装,img/fenlei-img/3 (1).jpg,婴儿服
29,婴儿装,img/fenlei-img/3 (2).jpg,婴儿服
30,婴儿装,img/fenlei-img/3 (3).jpg,婴儿服
31,婴儿装,img/fenlei-img/3 (4).jpg,婴儿服
32,婴儿装,img/fenlei-img/3 (5).jpg,婴儿服
33,婴儿装,img/fenlei-img/3 (6).jpg,婴儿服
34,婴儿装,img/fenlei-img/3 (7).jpg,婴儿服
35,婴儿装,img/fenlei-img/3 (8).jpg,婴儿服
36,婴童鞋,img/fenlei-img/4 (1).jpg,童鞋
37,婴童鞋,img/fenlei-img/4 (2).jpg,童鞋
38,婴童鞋,img/fenlei-img/4 (3).jpg,童鞋
39,婴童鞋,img/fenlei-img/4 (4).jpg,童鞋
40,婴童鞋,img/fenlei-img/4 (5).jpg,童鞋
41,婴童鞋,img/fenlei-img/4 (6).jpg,童鞋
42,婴童鞋,img/fenlei-img/4 (7).jpg,童鞋
43,奶粉辅食,img/fenlei-img/1 (1).jpg,纸尿裤
44,奶粉辅食,img/fenlei-img/1 (2).jpg,奶瓶
45,奶粉辅食,img/fenlei-img/1 (3).jpg,益智早教
46,奶粉辅食,img/fenlei-img/1 (4).jpg,童鞋
47,奶粉辅食,img/fenlei-img/1 (5).jpg,奶粉
48,奶粉辅食,img/fenlei-img/1 (6).jpg,童装
49,奶粉辅食,img/fenlei-img/1 (7).jpg,玩具
50,奶粉辅食,img/fenlei-img/1 (8).jpg,包包
51,奶粉辅食,img/fenlei-img/1 (9).jpg,床品
52,奶粉辅食,img/fenlei-img/1 (10).jpg,孕妇装
53,奶粉辅食,img/fenlei-img/1 (11).jpg,护肤品
54,纸尿裤,img/fenlei-img/2 (1).jpg,童装
55,纸尿裤,img/fenlei-img/2 (2).jpg,童装
56,纸尿裤,img/fenlei-img/2 (3).jpg,童装
57,纸尿裤,img/fenlei-img/2 (4).jpg,童装
58,纸尿裤,img/fenlei-img/2 (5).jpg,童装
59,纸尿裤,img/fenlei-img/2 (6).jpg,童装
60,纸尿裤,img/fenlei-img/2 (7).jpg,童装
61,纸尿裤,img/fenlei-img/2 (8).jpg,童装
62,纸尿裤,img/fenlei-img/2 (9).jpg,童装
63,纸尿裤,img/fenlei-img/2 (10).jpg,童装
64,纸尿裤,img/fenlei-img/2 (11).jpg,童装
65,纸尿裤,img/fenlei-img/2 (12).jpg,童装
66,纸尿裤,img/fenlei-img/2 (13).jpg,童装
67,纸尿裤,img/fenlei-img/2 (14).jpg,童装
68,纸尿裤,img/fenlei-img/2 (15).jpg,童装
69,纸尿裤,img/fenlei-img/2 (16).jpg,童装
70,哺育喂养,img/fenlei-img/3 (1).jpg,婴儿服
71,哺育喂养,img/fenlei-img/3 (2).jpg,婴儿服
72,哺育喂养,img/fenlei-img/3 (3).jpg,婴儿服
73,哺育喂养,img/fenlei-img/3 (4).jpg,婴儿服
74,哺育喂养,img/fenlei-img/3 (5).jpg,婴儿服
75,哺育喂养,img/fenlei-img/3 (6).jpg,婴儿服
76,哺育喂养,img/fenlei-img/3 (7).jpg,婴儿服
77,哺育喂养,img/fenlei-img/3 (8).jpg,婴儿服
78,洗护清洁,img/fenlei-img/4 (1).jpg,童鞋
79,洗护清洁,img/fenlei-img/4 (2).jpg,童鞋
80,洗护清洁,img/fenlei-img/4 (3).jpg,童鞋
81,洗护清洁,img/fenlei-img/4 (4).jpg,童鞋
82,洗护清洁,img/fenlei-img/4 (5).jpg,童鞋
83,洗护清洁,img/fenlei-img/4 (6).jpg,童鞋
84,洗护清洁,img/fenlei-img/4 (7).jpg,童鞋
85,睡眠出行,img/fenlei-img/1 (1).jpg,纸尿裤
86,睡眠出行,img/fenlei-img/1 (2).jpg,奶瓶
87,睡眠出行,img/fenlei-img/1 (3).jpg,益智早教
88,睡眠出行,img/fenlei-img/1 (4).jpg,童鞋
89,睡眠出行,img/fenlei-img/1 (5).jpg,奶粉
90,睡眠出行,img/fenlei-img/1 (6).jpg,童装
91,睡眠出行,img/fenlei-img/1 (7).jpg,玩具
92,睡眠出行,img/fenlei-img/1 (8).jpg,包包
93,睡眠出行,img/fenlei-img/1 (9).jpg,床品
94,睡眠出行,img/fenlei-img/1 (10).jpg,孕妇装
95,睡眠出行,img/fenlei-img/1 (11).jpg,护肤品
96,玩具文体,img/fenlei-img/2 (1).jpg,童装
97,玩具文体,img/fenlei-img/2 (2).jpg,童装
98,玩具文体,img/fenlei-img/2 (3).jpg,童装
99,玩具文体,img/fenlei-img/2 (4).jpg,童装
100,玩具文体,img/fenlei-img/2 (5).jpg,童装
101,玩具文体,img/fenlei-img/2 (6).jpg,童装
102,玩具文体,img/fenlei-img/2 (7).jpg,童装
103,玩具文体,img/fenlei-img/2 (8).jpg,童装
104,玩具文体,img/fenlei-img/2 (9).jpg,童装
105,玩具文体,img/fenlei-img/2 (10).jpg,童装
106,玩具文体,img/fenlei-img/2 (11).jpg,童装
107,玩具文体,img/fenlei-img/2 (12).jpg,童装
108,玩具文体,img/fenlei-img/2 (13).jpg,童装
109,玩具文体,img/fenlei-img/2 (14).jpg,童装
110,玩具文体,img/fenlei-img/2 (15).jpg,童装
111,玩具文体,img/fenlei-img/2 (16).jpg,童装
112,孕妈专区,img/fenlei-img/3 (1).jpg,婴儿服
113,孕妈专区,img/fenlei-img/3 (2).jpg,婴儿服
114,孕妈专区,img/fenlei-img/3 (3).jpg,婴儿服
115,孕妈专区,img/fenlei-img/3 (4).jpg,婴儿服
116,孕妈专区,img/fenlei-img/3 (5).jpg,婴儿服
117,孕妈专区,img/fenlei-img/3 (6).jpg,婴儿服
118,孕妈专区,img/fenlei-img/3 (7).jpg,婴儿服
119,孕妈专区,img/fenlei-img/3 (8).jpg,婴儿服
120,流行服饰,img/fenlei-img/4 (1).jpg,童鞋
121,流行服饰,img/fenlei-img/4 (2).jpg,童鞋
122,流行服饰,img/fenlei-img/4 (3).jpg,童鞋
123,流行服饰,img/fenlei-img/4 (4).jpg,童鞋
124,流行服饰,img/fenlei-img/4 (5).jpg,童鞋
125,流行服饰,img/fenlei-img/4 (6).jpg,童鞋
126,流行服饰,img/fenlei-img/4 (7).jpg,童鞋
127,鞋包配饰,img/fenlei-img/1 (1).jpg,纸尿裤
128,鞋包配饰,img/fenlei-img/1 (2).jpg,奶瓶
129,鞋包配饰,img/fenlei-img/1 (3).jpg,益智早教
130,鞋包配饰,img/fenlei-img/1 (4).jpg,童鞋
131,鞋包配饰,img/fenlei-img/1 (5).jpg,奶粉
132,鞋包配饰,img/fenlei-img/1 (6).jpg,童装
133,鞋包配饰,img/fenlei-img/1 (7).jpg,玩具
134,鞋包配饰,img/fenlei-img/1 (8).jpg,包包
135,鞋包配饰,img/fenlei-img/1 (9).jpg,床品
136,鞋包配饰,img/fenlei-img/1 (10).jpg,孕妇装
137,鞋包配饰,img/fenlei-img/1 (11).jpg,护肤品
138,居家百货,img/fenlei-img/2 (1).jpg,童装
139,居家百货,img/fenlei-img/2 (2).jpg,童装
140,居家百货,img/fenlei-img/2 (3).jpg,童装
141,居家百货,img/fenlei-img/2 (4).jpg,童装
142,居家百货,img/fenlei-img/2 (5).jpg,童装
143,居家百货,img/fenlei-img/2 (6).jpg,童装
144,居家百货,img/fenlei-img/2 (7).jpg,童装
145,居家百货,img/fenlei-img/2 (8).jpg,童装
146,居家百货,img/fenlei-img/2 (9).jpg,童装
147,居家百货,img/fenlei-img/2 (10).jpg,童装
148,居家百货,img/fenlei-img/2 (11).jpg,童装
149,居家百货,img/fenlei-img/2 (12).jpg,童装
150,居家百货,img/fenlei-img/2 (13).jpg,童装
151,居家百货,img/fenlei-img/2 (14).jpg,童装
152,居家百货,img/fenlei-img/2 (15).jpg,童装
153,居家百货,img/fenlei-img/2 (16).jpg,童装
154,美妆个护,img/fenlei-img/3 (1).jpg,婴儿服
155,美妆个护,img/fenlei-img/3 (2).jpg,婴儿服
156,美妆个护,img/fenlei-img/3 (3).jpg,婴儿服
157,美妆个护,img/fenlei-img/3 (4).jpg,婴儿服
158,美妆个护,img/fenlei-img/3 (5).jpg,婴儿服
159,美妆个护,img/fenlei-img/3 (6).jpg,婴儿服
160,美妆个护,img/fenlei-img/3 (7).jpg,婴儿服
161,美妆个护,img/fenlei-img/3 (8).jpg,婴儿服
